<?xml version="1.0"?>
<doc>
    <assembly>
        <name>Microsoft.Azure.EventHubs.Processor</name>
    </assembly>
    <members>
        <member name="T:Microsoft.Azure.EventHubs.Processor.BlobErrorCodeStrings">
            <summary>
            BlobErrorCodeStrings isn't public in Storage UWP API, therefore we need to provide error code strings here.
            </summary>
        </member>
        <member name="T:Microsoft.Azure.EventHubs.Processor.Checkpoint">
            <summary>
            The context object used to preserve state in the stream.
            </summary>
        </member>
        <member name="M:Microsoft.Azure.EventHubs.Processor.Checkpoint.#ctor(System.String)">
            <summary>
            Creates a new Checkpoint for a particular partition ID.
            </summary>
            <param name="partitionId">The partition ID for the checkpoint</param>
        </member>
        <member name="M:Microsoft.Azure.EventHubs.Processor.Checkpoint.#ctor(System.String,System.String,System.Int64)">
            <summary>
            Creates a new Checkpoint for a particular partition ID, with the offset and sequence number.
            </summary>
            <param name="partitionId">The partition ID for the checkpoint</param>
            <param name="offset">The offset for the last processed <see cref="T:Microsoft.Azure.EventHubs.EventData"/></param>
            <param name="sequenceNumber">The sequence number of the last processed <see cref="T:Microsoft.Azure.EventHubs.EventData"/></param>
        </member>
        <member name="M:Microsoft.Azure.EventHubs.Processor.Checkpoint.#ctor(Microsoft.Azure.EventHubs.Processor.Checkpoint)">
            <summary>
            Creates a new Checkpoint from an existing checkpoint.
            </summary>
            <param name="source">The existing checkpoint to copy</param>
        </member>
        <member name="P:Microsoft.Azure.EventHubs.Processor.Checkpoint.Offset">
            <summary>
            Gets or sets the offset of the last processed <see cref="T:Microsoft.Azure.EventHubs.EventData"/>.
            </summary>
        </member>
        <member name="P:Microsoft.Azure.EventHubs.Processor.Checkpoint.SequenceNumber">
            <summary>
            Gets or sets the sequence number of the last processed <see cref="T:Microsoft.Azure.EventHubs.EventData"/>.
            </summary>
        </member>
        <member name="P:Microsoft.Azure.EventHubs.Processor.Checkpoint.PartitionId">
            <summary>
            Gets the partition ID for the corresponding checkpoint.
            </summary>
        </member>
        <member name="T:Microsoft.Azure.EventHubs.Processor.CloseReason">
            <summary>
            Reason for closing an <see cref="T:Microsoft.Azure.EventHubs.Processor.EventProcessorHost"/>.
            </summary>
        </member>
        <member name="F:Microsoft.Azure.EventHubs.Processor.CloseReason.LeaseLost">
            <summary>
            The lease was lost or transitioned to a new processor instance. 
            </summary>
        </member>
        <member name="F:Microsoft.Azure.EventHubs.Processor.CloseReason.Shutdown">
            <summary>
            The <see cref="T:Microsoft.Azure.EventHubs.Processor.EventProcessorHost"/> was shutdown.
            </summary>
        </member>
        <member name="T:Microsoft.Azure.EventHubs.Processor.EventProcessorConfigurationException">
            <summary>
            An exception which specifies that the <see cref="T:Microsoft.Azure.EventHubs.Processor.EventProcessorHost"/> configuration is incorrect.
            </summary>
        </member>
        <member name="T:Microsoft.Azure.EventHubs.Processor.EventProcessorHost">
            <summary>
            Represents a host for processing Event Hubs event data.
            </summary>
        </member>
        <member name="M:Microsoft.Azure.EventHubs.Processor.EventProcessorHost.#ctor(System.String,System.String,System.String,System.String,System.String)">
             <summary>
             Create a new host to process events from an Event Hub.
             
             <para>Since Event Hubs are frequently used for scale-out, high-traffic scenarios, generally there will
             be only one host per process, and the processes will be run on separate machines. However, it is
             supported to run multiple hosts on one machine, or even within one process, if throughput is not
             a concern.</para>
            
             This overload of the constructor uses the default, built-in lease and checkpoint managers. The
             Azure Storage account specified by the storageConnectionString parameter is used by the built-in
             managers to record leases and checkpoints.
             </summary>
             <param name="eventHubPath">The name of the EventHub.</param>
             <param name="consumerGroupName">The name of the consumer group within the Event Hub.</param>
             <param name="eventHubConnectionString">Connection string for the Event Hub to receive from.</param>
             <param name="storageConnectionString">Connection string to Azure Storage account used for leases and checkpointing.</param>
             <param name="leaseContainerName">Azure Storage container name for use by built-in lease and checkpoint manager.</param>
        </member>
        <member name="M:Microsoft.Azure.EventHubs.Processor.EventProcessorHost.#ctor(System.String,System.String,System.String,System.String,System.String,System.String,System.String)">
            <summary>
            Create a new host to process events from an Event Hub.
            
            <para>This overload of the constructor uses the default, built-in lease and checkpoint managers.</para>
            </summary>
            <param name="hostName">A name for this event processor host. See method notes.</param>
            <param name="eventHubPath">The name of the EventHub.</param>
            <param name="consumerGroupName">The name of the consumer group within the Event Hub.</param>
            <param name="eventHubConnectionString">Connection string for the Event Hub to receive from.</param>
            <param name="storageConnectionString">Connection string to Azure Storage account used for leases and checkpointing.</param>
            <param name="leaseContainerName">Azure Storage container name for use by built-in lease and checkpoint manager.</param>
            <param name="storageBlobPrefix">Prefix used when naming blobs within the storage container.</param>
        </member>
        <member name="M:Microsoft.Azure.EventHubs.Processor.EventProcessorHost.#ctor(System.String,System.String,System.String,System.String,Microsoft.Azure.EventHubs.Processor.ICheckpointManager,Microsoft.Azure.EventHubs.Processor.ILeaseManager)">
            <summary>
            Create a new host to process events from an Event Hub.
            
            <para>This overload of the constructor allows maximum flexibility.
            This one allows the caller to specify the name of the processor host as well.
            The overload also allows the caller to provide their own lease and checkpoint managers to replace the built-in
            ones based on Azure Storage.</para>
            </summary>
            <param name="hostName">Name of the processor host. MUST BE UNIQUE. Strongly recommend including a Guid to ensure uniqueness.</param>
            <param name="eventHubPath">The name of the EventHub.</param>
            <param name="consumerGroupName">The name of the consumer group within the Event Hub.</param>
            <param name="eventHubConnectionString">Connection string for the Event Hub to receive from.</param>
            <param name="checkpointManager">Object implementing ICheckpointManager which handles partition checkpointing.</param>
            <param name="leaseManager">Object implementing ILeaseManager which handles leases for partitions.</param>
        </member>
        <member name="M:Microsoft.Azure.EventHubs.Processor.EventProcessorHost.#ctor(System.Uri,System.String,System.String,Microsoft.Azure.EventHubs.ITokenProvider,Microsoft.Azure.Storage.CloudStorageAccount,System.String)">
            <summary>
            Create a new host to process events from an Event Hub with provided <see cref="T:Microsoft.Azure.EventHubs.TokenProvider"/>
            </summary>
            <param name="endpointAddress">Fully qualified domain name for Event Hubs. Most likely, {yournamespace}.servicebus.windows.net</param>
            <param name="eventHubPath">The name of the EventHub.</param>
            <param name="consumerGroupName">The name of the consumer group within the Event Hub.</param>
            <param name="tokenProvider">Token provider which will generate security tokens for authorization.</param>
            <param name="cloudStorageAccount">Azure Storage account used for leases and checkpointing.</param>
            <param name="leaseContainerName">Azure Storage container name for use by built-in lease and checkpoint manager.</param>
        </member>
        <member name="M:Microsoft.Azure.EventHubs.Processor.EventProcessorHost.#ctor(System.String,System.Uri,System.String,System.String,Microsoft.Azure.EventHubs.ITokenProvider,Microsoft.Azure.Storage.CloudStorageAccount,System.String,System.String,System.Nullable{System.TimeSpan},Microsoft.Azure.EventHubs.TransportType)">
            <summary>
            Create a new host to process events from an Event Hub with provided <see cref="T:Microsoft.Azure.EventHubs.TokenProvider"/>
            </summary>
            <param name="hostName">Name of the processor host. MUST BE UNIQUE. Strongly recommend including a Guid to ensure uniqueness.</param>
            <param name="endpointAddress">Fully qualified domain name for Event Hubs. Most likely, {yournamespace}.servicebus.windows.net</param>
            <param name="eventHubPath">The name of the EventHub.</param>
            <param name="consumerGroupName">The name of the consumer group within the Event Hub.</param>
            <param name="tokenProvider">Token provider which will generate security tokens for authorization.</param>
            <param name="cloudStorageAccount">Azure Storage account used for leases and checkpointing.</param>
            <param name="leaseContainerName">Azure Storage container name for use by built-in lease and checkpoint manager.</param>
            <param name="storageBlobPrefix">Prefix used when naming blobs within the storage container.</param>
            <param name="operationTimeout">Operation timeout for Event Hubs operations.</param>
            <param name="transportType">Transport type on connection.</param>
        </member>
        <member name="M:Microsoft.Azure.EventHubs.Processor.EventProcessorHost.#ctor(System.Uri,System.String,System.String,Microsoft.Azure.EventHubs.ITokenProvider,Microsoft.Azure.Storage.CloudStorageAccount,System.String,System.String,System.Nullable{System.TimeSpan},Microsoft.Azure.EventHubs.TransportType)">
            <summary>
            Create a new host to process events from an Event Hub with provided <see cref="T:Microsoft.Azure.EventHubs.TokenProvider"/>
            </summary>
            <param name="endpointAddress">Fully qualified domain name for Event Hubs. Most likely, {yournamespace}.servicebus.windows.net</param>
            <param name="eventHubPath">The name of the EventHub.</param>
            <param name="consumerGroupName">The name of the consumer group within the Event Hub.</param>
            <param name="tokenProvider">Token provider which will generate security tokens for authorization.</param>
            <param name="cloudStorageAccount">Azure Storage account used for leases and checkpointing.</param>
            <param name="leaseContainerName">Azure Storage container name for use by built-in lease and checkpoint manager.</param>
            <param name="storageBlobPrefix">Prefix used when naming blobs within the storage container.</param>
            <param name="operationTimeout">Operation timeout for Event Hubs operations.</param>
            <param name="transportType">Transport type on connection.</param>
        </member>
        <member name="M:Microsoft.Azure.EventHubs.Processor.EventProcessorHost.#ctor(System.String,System.Uri,System.String,System.String,Microsoft.Azure.EventHubs.ITokenProvider,Microsoft.Azure.EventHubs.Processor.ICheckpointManager,Microsoft.Azure.EventHubs.Processor.ILeaseManager,System.Nullable{System.TimeSpan},Microsoft.Azure.EventHubs.TransportType)">
            <summary>
            Create a new host to process events from an Event Hub with provided <see cref="T:Microsoft.Azure.EventHubs.TokenProvider"/>
            </summary>
            <param name="hostName">Name of the processor host. MUST BE UNIQUE. Strongly recommend including a Guid to ensure uniqueness.</param>
            <param name="endpointAddress">Fully qualified domain name for Event Hubs. Most likely, {yournamespace}.servicebus.windows.net</param>
            <param name="eventHubPath">The name of the EventHub.</param>
            <param name="consumerGroupName">The name of the consumer group within the Event Hub.</param>
            <param name="tokenProvider">Token provider which will generate security tokens for authorization.</param>
            <param name="checkpointManager">Object implementing ICheckpointManager which handles partition checkpointing.</param>
            <param name="leaseManager">Object implementing ILeaseManager which handles leases for partitions.</param>
            <param name="operationTimeout">Operation timeout for Event Hubs operations.</param>
            <param name="transportType">Transport type on connection.</param>
        </member>
        <member name="P:Microsoft.Azure.EventHubs.Processor.EventProcessorHost.HostName">
            <summary>
            Returns processor host name.
            If the processor host name was automatically generated, this is the only way to get it.
            </summary>
        </member>
        <member name="P:Microsoft.Azure.EventHubs.Processor.EventProcessorHost.EventHubPath">
            <summary>
            Gets the event hub path.
            </summary>
        </member>
        <member name="P:Microsoft.Azure.EventHubs.Processor.EventProcessorHost.ConsumerGroupName">
            <summary>
            Gets the consumer group name.
            </summary>
        </member>
        <member name="P:Microsoft.Azure.EventHubs.Processor.EventProcessorHost.EndpointAddress">
            <summary>
            Gets the event endpoint URI.
            </summary>
        </member>
        <member name="P:Microsoft.Azure.EventHubs.Processor.EventProcessorHost.TransportType">
            <summary>
            Gets the transport type.
            </summary>
        </member>
        <member name="P:Microsoft.Azure.EventHubs.Processor.EventProcessorHost.OperationTimeout">
            <summary>
            Gets the operation timeout.
            </summary>
        </member>
        <member name="P:Microsoft.Azure.EventHubs.Processor.EventProcessorHost.PartitionManagerOptions">
            <summary>Gets or sets the 
            <see cref="P:Microsoft.Azure.EventHubs.Processor.EventProcessorHost.PartitionManagerOptions" /> instance used by the 
            <see cref="T:Microsoft.Azure.EventHubs.Processor.EventProcessorHost" /> object.</summary> 
            <value>The <see cref="P:Microsoft.Azure.EventHubs.Processor.EventProcessorHost.PartitionManagerOptions" /> instance.</value>
        </member>
        <member name="M:Microsoft.Azure.EventHubs.Processor.EventProcessorHost.RegisterEventProcessorAsync``1">
            <summary>
            This registers <see cref="T:Microsoft.Azure.EventHubs.Processor.IEventProcessor"/> implementation with the host using <see cref="T:Microsoft.Azure.EventHubs.Processor.DefaultEventProcessorFactory`1"/>.  
            This also starts the host and causes it to start participating in the partition distribution process.
            </summary>
            <typeparam name="T">Implementation of your application specific <see cref="T:Microsoft.Azure.EventHubs.Processor.IEventProcessor"/>.</typeparam>
            <returns>A task to indicate EventProcessorHost instance is started.</returns>
        </member>
        <member name="M:Microsoft.Azure.EventHubs.Processor.EventProcessorHost.RegisterEventProcessorAsync``1(Microsoft.Azure.EventHubs.Processor.EventProcessorOptions)">
            <summary>
            This registers <see cref="T:Microsoft.Azure.EventHubs.Processor.IEventProcessor"/> implementation with the host using <see cref="T:Microsoft.Azure.EventHubs.Processor.DefaultEventProcessorFactory`1"/>.  
            This also starts the host and causes it to start participating in the partition distribution process.
            </summary>
            <typeparam name="T">Implementation of your application specific <see cref="T:Microsoft.Azure.EventHubs.Processor.IEventProcessor"/>.</typeparam>
            <param name="processorOptions"><see cref="P:Microsoft.Azure.EventHubs.Processor.EventProcessorHost.EventProcessorOptions"/> to control various aspects of message pump created when ownership 
            is acquired for a particular partition of EventHub.</param>
            <returns>A task to indicate EventProcessorHost instance is started.</returns>
        </member>
        <member name="M:Microsoft.Azure.EventHubs.Processor.EventProcessorHost.RegisterEventProcessorFactoryAsync(Microsoft.Azure.EventHubs.Processor.IEventProcessorFactory)">
            <summary>
            This registers <see cref="T:Microsoft.Azure.EventHubs.Processor.IEventProcessorFactory"/> implementation with the host which is used to create an instance of 
            <see cref="T:Microsoft.Azure.EventHubs.Processor.IEventProcessor"/> when it takes ownership of a partition.  This also starts the host and causes it to start participating 
            in the partition distribution process.
            </summary>
            <param name="factory">Instance of <see cref="T:Microsoft.Azure.EventHubs.Processor.IEventProcessorFactory"/> implementation.</param>
            <returns>A task to indicate EventProcessorHost instance is started.</returns>
        </member>
        <member name="M:Microsoft.Azure.EventHubs.Processor.EventProcessorHost.RegisterEventProcessorFactoryAsync(Microsoft.Azure.EventHubs.Processor.IEventProcessorFactory,Microsoft.Azure.EventHubs.Processor.EventProcessorOptions)">
            <summary>
            This registers <see cref="T:Microsoft.Azure.EventHubs.Processor.IEventProcessorFactory"/> implementation with the host which is used to create an instance of 
            <see cref="T:Microsoft.Azure.EventHubs.Processor.IEventProcessor"/> when it takes ownership of a partition.  This also starts the host and causes it to start participating 
            in the partition distribution process.
            </summary>
            <param name="factory">Instance of <see cref="T:Microsoft.Azure.EventHubs.Processor.IEventProcessorFactory"/> implementation.</param>
            <param name="processorOptions"><see cref="P:Microsoft.Azure.EventHubs.Processor.EventProcessorHost.EventProcessorOptions"/> to control various aspects of message pump created when ownership 
            is acquired for a particular partition of EventHub.</param>
            <returns>A task to indicate EventProcessorHost instance is started.</returns>
        </member>
        <member name="M:Microsoft.Azure.EventHubs.Processor.EventProcessorHost.UnregisterEventProcessorAsync">
            <summary>
            Stop processing events.  Does not return until the shutdown is complete.
            </summary>
            <returns></returns>
        </member>
        <member name="M:Microsoft.Azure.EventHubs.Processor.EventProcessorHost.CreateHostName(System.String)">
            <summary>
            Convenience method for generating unique host names, safe to pass to the EventProcessorHost constructors
            that take a hostName argument.
             
            If a prefix is supplied, the constructed name begins with that string. If the prefix argument is null or
            an empty string, the constructed name begins with "host". Then a dash '-' and a unique ID are appended to
            create a unique name.
            </summary>
            <param name="prefix">String to use as the beginning of the name. If null or empty, a default is used.</param>
            <returns>A unique host name to pass to EventProcessorHost constructors.</returns>
        </member>
        <member name="T:Microsoft.Azure.EventHubs.Processor.EventProcessorOptions">
            <summary>
            Defines the runtime options when registering an <see cref="T:Microsoft.Azure.EventHubs.Processor.IEventProcessor"/> interface with an EventHubConsumerGroup. This is also the mechanism for catching exceptions from an IEventProcessor instance used by an <see cref="T:Microsoft.Azure.EventHubs.Processor.EventProcessorHost"/> object.
            </summary>
        </member>
        <member name="P:Microsoft.Azure.EventHubs.Processor.EventProcessorOptions.DefaultOptions">
            <summary>
            Returns an EventProcessorOptions instance with all options set to the default values.
            The default values are:
            <para>MaxBatchSize: 10</para>
            <para>ReceiveTimeOut: 1 minute</para>
            <para>PrefetchCount: 300</para>
            <para>InitialOffsetProvider: uses the last offset checkpointed, or StartOfStream</para>
            <para>InvokeProcessorAfterReceiveTimeout: false</para>
            </summary>
            <value>an EventProcessorOptions instance with all options set to the default values</value>
        </member>
        <member name="M:Microsoft.Azure.EventHubs.Processor.EventProcessorOptions.#ctor">
            <summary>
            Creates a new <see cref="T:Microsoft.Azure.EventHubs.Processor.EventProcessorOptions"/> object.
            </summary>
        </member>
        <member name="M:Microsoft.Azure.EventHubs.Processor.EventProcessorOptions.SetExceptionHandler(System.Action{Microsoft.Azure.EventHubs.Processor.ExceptionReceivedEventArgs})">
            <summary>
            Sets a handler which receives notification of general exceptions.
            <para>Exceptions which occur while processing events from a particular Event Hub partition are delivered
            to the onError method of the event processor for that partition. This handler is called on occasions
            when there is no event processor associated with the throwing activity, or the event processor could
            not be created.</para>
            </summary>
            <param name="exceptionHandler">Handler which is called when an exception occurs. Set to null to stop handling.</param>
        </member>
        <member name="P:Microsoft.Azure.EventHubs.Processor.EventProcessorOptions.MaxBatchSize">
            <summary>
            Returns the maximum size of an event batch that IEventProcessor.ProcessEventsAsync will be called with
            </summary>
        </member>
        <member name="P:Microsoft.Azure.EventHubs.Processor.EventProcessorOptions.ReceiveTimeout">
            <summary>
            Gets or sets the timeout length for receive operations.
            </summary>
        </member>
        <member name="P:Microsoft.Azure.EventHubs.Processor.EventProcessorOptions.EnableReceiverRuntimeMetric">
            <summary> Gets or sets a value indicating whether the runtime metric of a receiver is enabled. </summary>
            <value> true if a client wants to access <see cref="T:Microsoft.Azure.EventHubs.ReceiverRuntimeInformation"/> using <see cref="T:Microsoft.Azure.EventHubs.Processor.PartitionContext"/>.</value>
        </member>
        <member name="P:Microsoft.Azure.EventHubs.Processor.EventProcessorOptions.PrefetchCount">
            <summary>
            Gets or sets the current prefetch count for the underlying client.
            The default is 300.
            </summary>
        </member>
        <member name="P:Microsoft.Azure.EventHubs.Processor.EventProcessorOptions.InitialOffsetProvider">
            <summary>
            Gets or sets a delegate which is used to get the initial position for a given partition to create <see cref="T:Microsoft.Azure.EventHubs.PartitionReceiver"/>.
            Delegate is invoked by passing in PartitionId and then user can return <see cref="T:Microsoft.Azure.EventHubs.PartitionReceiver"/> for receiving messages.
            This is only used when <see cref="P:Microsoft.Azure.EventHubs.Processor.Lease.Offset"/> is not provided and receiver is being created for the very first time.
            </summary>
        </member>
        <member name="P:Microsoft.Azure.EventHubs.Processor.EventProcessorOptions.InvokeProcessorAfterReceiveTimeout">
            <summary>
            Returns whether the EventProcessorHost will call IEventProcessor.OnEvents(null) when a receive
            timeout occurs (true) or not (false).
            </summary>
        </member>
        <member name="P:Microsoft.Azure.EventHubs.Processor.EventProcessorOptions.WebProxy">
            <summary>
            Gets or sets the web proxy.
            A proxy is applicable only when transport type is set to AmqpWebSockets.
            </summary>
        </member>
        <member name="T:Microsoft.Azure.EventHubs.Processor.EventProcessorRuntimeException">
            <summary>
            An exception thrown during event processing.
            </summary>
        </member>
        <member name="P:Microsoft.Azure.EventHubs.Processor.EventProcessorRuntimeException.Action">
            <summary>
            Gets the action that was being performed when the exception occured.
            </summary>
        </member>
        <member name="T:Microsoft.Azure.EventHubs.Processor.ExceptionReceivedEventArgs">
            <summary>
            Provides data for the <see cref="M:Microsoft.Azure.EventHubs.Processor.EventProcessorOptions.NotifyOfException(System.String,System.String,System.Exception,System.String)"/> event.
            </summary>
        </member>
        <member name="P:Microsoft.Azure.EventHubs.Processor.ExceptionReceivedEventArgs.Hostname">
            <summary>
            Allows distinguishing the error source if multiple hosts in a single process.
            </summary>
            <value>The name of the host that experienced the exception.</value>
        </member>
        <member name="P:Microsoft.Azure.EventHubs.Processor.ExceptionReceivedEventArgs.PartitionId">
            <summary>
            Allows distinguishing the error source if multiple hosts in a single process.
            </summary>
            <value>The partition id that experienced the exception.</value>
        </member>
        <member name="P:Microsoft.Azure.EventHubs.Processor.ExceptionReceivedEventArgs.Exception">
            <summary>
            The exception that was thrown.
            </summary>
        </member>
        <member name="P:Microsoft.Azure.EventHubs.Processor.ExceptionReceivedEventArgs.Action">
            <summary>
            A short string that indicates what general activity threw the exception.
            See EventProcessorHostActionString for a list of possible values.
            </summary>
        </member>
        <member name="T:Microsoft.Azure.EventHubs.Processor.ICheckpointManager">
            <summary>
            If you wish to have EventProcessorHost store checkpoints somewhere other than Azure Storage,
            you can write your own checkpoint manager using this interface.  
            
            <para>The Azure Storage managers use the same storage for both lease and checkpoints, so both
            interfaces are implemented by the same class. You are free to do the same thing if you have
            a unified store for both types of data.</para>
            
            <para>This interface does not specify initialization methods because we have no way of knowing what
            information your implementation will require.</para>
            </summary>
        </member>
        <member name="M:Microsoft.Azure.EventHubs.Processor.ICheckpointManager.CheckpointStoreExistsAsync">
            <summary>
            Does the checkpoint store exist?
            </summary>
            <returns>true if it exists, false if not</returns>
        </member>
        <member name="M:Microsoft.Azure.EventHubs.Processor.ICheckpointManager.CreateCheckpointStoreIfNotExistsAsync">
            <summary>
            Create the checkpoint store if it doesn't exist. Do nothing if it does exist.
            </summary>
            <returns>true if the checkpoint store already exists or was created OK, false if there was a failure</returns>
        </member>
        <member name="M:Microsoft.Azure.EventHubs.Processor.ICheckpointManager.GetCheckpointAsync(System.String)">
            <summary>
            Get the checkpoint data associated with the given partition. Could return null if no checkpoint has
            been created for that partition.
            </summary>
            <param name="partitionId">Id of partition to get checkpoint info for.</param>
            <returns>Checkpoint info for the given partition, or null if none has been previously stored.</returns>
        </member>
        <member name="M:Microsoft.Azure.EventHubs.Processor.ICheckpointManager.CreateCheckpointIfNotExistsAsync(System.String)">
            <summary>
            Create the checkpoint for the given partition if it doesn't exist. Do nothing if it does exist.
            The offset/sequenceNumber for a freshly-created checkpoint should be set to StartOfStream/0.
            </summary>
            <param name="partitionId">Id of partition to create the checkpoint for.</param>
            <returns>The checkpoint for the given partition, whether newly created or already existing.</returns>
        </member>
        <member name="M:Microsoft.Azure.EventHubs.Processor.ICheckpointManager.UpdateCheckpointAsync(Microsoft.Azure.EventHubs.Processor.Lease,Microsoft.Azure.EventHubs.Processor.Checkpoint)">
            <summary>
            Update the checkpoint in the store with the offset/sequenceNumber in the provided checkpoint.
            </summary>
            <param name="lease">Partition information against which to perform a checkpoint.</param>
            <param name="checkpoint">offset/sequeceNumber to update the store with.</param>
        </member>
        <member name="M:Microsoft.Azure.EventHubs.Processor.ICheckpointManager.DeleteCheckpointAsync(System.String)">
            <summary>
            Delete the stored checkpoint for the given partition. If there is no stored checkpoint for the
            given partition, that is treated as success.
            </summary>
            <param name="partitionId">id of partition to delete checkpoint from store</param>
            <returns></returns>
        </member>
        <member name="T:Microsoft.Azure.EventHubs.Processor.IEventProcessor">
            <summary>
            Interface that must be implemented by event processor classes.
            
            <para>Any given instance of an event processor class will only process events from one partition
            of one Event Hub. A PartitionContext is provided with each call to the event processor because
            some parameters could change, but it will always be the same partition.</para>
            
            <para>Although EventProcessorHost is multithreaded, calls to a given instance of an event processor
            class are serialized, except for OnError(). OnOpen() is called first, then OnEvents() will be called zero or more
            times. When the event processor needs to be shut down, whether because there was a failure
            somewhere, or the lease for the partition has been lost, or because the entire processor host
            is being shut down, OnClose() is called after the last OnEvents() call returns.</para>
            
            <para>OnError() could be called while OnEvents() or OnClose() is executing. No synchronization is attempted
            in order to avoid possibly deadlocking.</para>
            </summary>
        </member>
        <member name="M:Microsoft.Azure.EventHubs.Processor.IEventProcessor.OpenAsync(Microsoft.Azure.EventHubs.Processor.PartitionContext)">
            <summary>
            Called by processor host to initialize the event processor.
            </summary>
            <param name="context">Information about the partition that this event processor will process events from.</param>
        </member>
        <member name="M:Microsoft.Azure.EventHubs.Processor.IEventProcessor.CloseAsync(Microsoft.Azure.EventHubs.Processor.PartitionContext,Microsoft.Azure.EventHubs.Processor.CloseReason)">
            <summary>
            Called by processor host to indicate that the event processor is being stopped.
            </summary>
            <param name="context">Information about the partition.</param>
            <param name="reason">Reason why the event processor is being stopped.</param>
        </member>
        <member name="M:Microsoft.Azure.EventHubs.Processor.IEventProcessor.ProcessEventsAsync(Microsoft.Azure.EventHubs.Processor.PartitionContext,System.Collections.Generic.IEnumerable{Microsoft.Azure.EventHubs.EventData})">
            <summary>
            Called by the processor host when a batch of events has arrived.
            <para>This is where the real work of the event processor is done.</para>
            </summary>
            <param name="context">Information about the partition.</param>
            <param name="messages">The events to be processed.</param>
        </member>
        <member name="M:Microsoft.Azure.EventHubs.Processor.IEventProcessor.ProcessErrorAsync(Microsoft.Azure.EventHubs.Processor.PartitionContext,System.Exception)">
            <summary>
            Called when the underlying client experiences an error while receiving. EventProcessorHost will take
            care of recovering from the error and continuing to pump messages, so no action is required from
            your code. This method is provided for informational purposes.
            </summary>
            <param name="context">Information about the partition.</param>
            <param name="error">The error that occured.</param>
        </member>
        <member name="T:Microsoft.Azure.EventHubs.Processor.IEventProcessorFactory">
            <summary>
            Interface that must be implemented by an event processor factory class.
            
            <para>User-provided factories are needed if creating an event processor object requires more work than
            just a new with a parameterless constructor.</para>
            </summary>
        </member>
        <member name="M:Microsoft.Azure.EventHubs.Processor.IEventProcessorFactory.CreateEventProcessor(Microsoft.Azure.EventHubs.Processor.PartitionContext)">
            <summary>
            Method to create instance of <see cref="T:Microsoft.Azure.EventHubs.Processor.IEventProcessor"/> given a partition.
            </summary>
            <param name="context">Partition context information.</param> 
            <returns>An instance of <see cref="T:Microsoft.Azure.EventHubs.Processor.IEventProcessor"/>.</returns>
        </member>
        <member name="T:Microsoft.Azure.EventHubs.Processor.ILeaseManager">
            <summary>
            If you wish to have EventProcessorHost store leases somewhere other than Azure Storage,
            you can write your own lease manager using this interface.  
            
            <para>The Azure Storage managers use the same storage for both lease and checkpoints, so both
            interfaces are implemented by the same class. You are free to do the same thing if you have
            a unified store for both types of data.</para>
            
            <para>This interface does not specify initialization methods because we have no way of knowing what
            information your implementation will require.</para>
            </summary>
        </member>
        <member name="P:Microsoft.Azure.EventHubs.Processor.ILeaseManager.LeaseRenewInterval">
            <summary>
            Allows a lease manager implementation to specify to PartitionManager how often it should
            scan leases and renew them. In order to redistribute leases in a timely fashion after a host
            ceases operating, we recommend a relatively short interval, such as ten seconds. Obviously it
            should be less than half of the lease length, to prevent accidental expiration.
            </summary>
            <value>The sleep interval between scans</value>
        </member>
        <member name="P:Microsoft.Azure.EventHubs.Processor.ILeaseManager.LeaseDuration">
            <summary>
            Mostly useful for testing.
            </summary>
            <value>Duration of a lease before it expires unless renewed.</value>
        </member>
        <member name="M:Microsoft.Azure.EventHubs.Processor.ILeaseManager.LeaseStoreExistsAsync">
            <summary>
            Does the lease store exist?
            </summary>
        </member>
        <member name="M:Microsoft.Azure.EventHubs.Processor.ILeaseManager.CreateLeaseStoreIfNotExistsAsync">
            <summary>
            Create the lease store if it does not exist, do nothing if it does exist.
            </summary>
            <returns>true if the lease store already exists or was created successfully, false if not</returns>
        </member>
        <member name="M:Microsoft.Azure.EventHubs.Processor.ILeaseManager.DeleteLeaseStoreAsync">
            <summary>
            Not used by EventProcessorHost, but a convenient function to have for testing.
            </summary>
            <returns>true if the lease store was deleted successfully, false if not</returns>
        </member>
        <member name="M:Microsoft.Azure.EventHubs.Processor.ILeaseManager.GetLeaseAsync(System.String)">
            <summary>
            Return the lease info for the specified partition. Can return null if no lease has been
            created in the store for the specified partition.
            </summary>
            <param name="partitionId">id of partition to get lease for</param>
            <returns>lease info for the partition, or null</returns>
        </member>
        <member name="M:Microsoft.Azure.EventHubs.Processor.ILeaseManager.GetAllLeasesAsync">
            <summary>
            Return the lease info for all partitions.
            A typical implementation could just call GetLeaseAsync() on all partitions.
            </summary>
            <returns>list of lease info.</returns>
        </member>
        <member name="M:Microsoft.Azure.EventHubs.Processor.ILeaseManager.CreateLeaseIfNotExistsAsync(System.String)">
            <summary>
            Create in the store the lease info for the given partition, if it does not exist. Do nothing if it does exist
            in the store already. 
            </summary>
            <param name="partitionId">id of partition to create lease info for</param>
            <returns>the existing or newly-created lease info for the partition</returns>
        </member>
        <member name="M:Microsoft.Azure.EventHubs.Processor.ILeaseManager.DeleteLeaseAsync(Microsoft.Azure.EventHubs.Processor.Lease)">
            <summary>
            Delete the lease info for the given partition from the store. If there is no stored lease for the given partition,
            that is treated as success.
            </summary>
            <param name="lease">Lease info for the desired partition as previously obtained from GetLeaseAsync()</param>
            <returns></returns>
        </member>
        <member name="M:Microsoft.Azure.EventHubs.Processor.ILeaseManager.AcquireLeaseAsync(Microsoft.Azure.EventHubs.Processor.Lease)">
            <summary>
            Acquire the lease on the desired partition for this EventProcessorHost.
            
            <para>Note that it is legal to acquire a lease that is already owned by another host. Lease-stealing is how
            partitions are redistributed when additional hosts are started.</para>
            </summary>
            <param name="lease">Lease info for the desired partition as previously obtained from GetLeaseAsync()</param>
            <returns>true if the lease was acquired successfully, false if not</returns>
        </member>
        <member name="M:Microsoft.Azure.EventHubs.Processor.ILeaseManager.RenewLeaseAsync(Microsoft.Azure.EventHubs.Processor.Lease)">
            <summary>
            Renew a lease currently held by this host.
            
            <para>If the lease has been stolen, or expired, or released, it is not possible to renew it. You will have to call getLease()
            and then acquireLease() again.</para>
            </summary>
            <param name="lease">Lease to be renewed</param>
            <returns>true if the lease was renewed successfully, false if not</returns>
        </member>
        <member name="M:Microsoft.Azure.EventHubs.Processor.ILeaseManager.ReleaseLeaseAsync(Microsoft.Azure.EventHubs.Processor.Lease)">
            <summary>
            Give up a lease currently held by this host.
            <para>If the lease has been stolen, or expired, releasing it is unnecessary, and will fail if attempted.</para>
            </summary>
            <param name="lease">Lease to be given up</param>
            <returns>true if the lease was released successfully, false if not</returns>
        </member>
        <member name="M:Microsoft.Azure.EventHubs.Processor.ILeaseManager.UpdateLeaseAsync(Microsoft.Azure.EventHubs.Processor.Lease)">
            <summary>
            Update the store with the information in the provided lease.
            
            <para>It is necessary to currently hold a lease in order to update it. If the lease has been stolen, or expired, or
            released, it cannot be updated. Updating should renew the lease before performing the update to avoid lease
            expiration during the process.</para>
            </summary>
            <param name="lease">New lease info to be stored</param>
            <returns>true if the updated was performed successfully, false if not</returns>
        </member>
        <member name="T:Microsoft.Azure.EventHubs.Processor.Lease">
            <summary>
            Contains partition ownership information.
            </summary>
        </member>
        <member name="M:Microsoft.Azure.EventHubs.Processor.Lease.#ctor">
            <summary></summary>
        </member>
        <member name="M:Microsoft.Azure.EventHubs.Processor.Lease.#ctor(System.String)">
            <summary></summary>
            <param name="partitionId"></param>
        </member>
        <member name="M:Microsoft.Azure.EventHubs.Processor.Lease.#ctor(Microsoft.Azure.EventHubs.Processor.Lease)">
            <summary></summary>
            <param name="source"></param>
        </member>
        <member name="P:Microsoft.Azure.EventHubs.Processor.Lease.Offset">
            <summary>
            Gets or sets the current value for the offset in the stream.
            </summary>
        </member>
        <member name="P:Microsoft.Azure.EventHubs.Processor.Lease.SequenceNumber">
            <summary>
            Gets or sets the last checkpointed sequence number in the stream.
            </summary>
        </member>
        <member name="P:Microsoft.Azure.EventHubs.Processor.Lease.PartitionId">
            <summary>
            Gets the ID of the partition to which this lease belongs.
            </summary>
        </member>
        <member name="P:Microsoft.Azure.EventHubs.Processor.Lease.Owner">
            <summary>
            Gets or sets the host owner for the partition.
            </summary>
        </member>
        <member name="P:Microsoft.Azure.EventHubs.Processor.Lease.Token">
            <summary>
            Gets or sets the lease token that manages concurrency between hosts. You can use this token to guarantee single access to any resource needed by the <see cref="T:Microsoft.Azure.EventHubs.Processor.IEventProcessor"/> object.
            </summary>
        </member>
        <member name="P:Microsoft.Azure.EventHubs.Processor.Lease.Epoch">
            <summary>
            Gets or sets the epoch year of the lease, which is a value you can use to determine the most recent owner of a partition between competing nodes.
            </summary>
        </member>
        <member name="M:Microsoft.Azure.EventHubs.Processor.Lease.IsExpired">
            <summary>
            Determines whether the lease is expired.
            </summary>
            <returns></returns>
        </member>
        <member name="M:Microsoft.Azure.EventHubs.Processor.Lease.IncrementEpoch">
            <summary>
            Increments the stored epoch in the checkpoint.
            </summary>
            <returns></returns>
        </member>
        <member name="T:Microsoft.Azure.EventHubs.Processor.LeaseLostException">
            <summary>
            Represents an exception that occurs when the service lease has been lost.
            </summary>
        </member>
        <member name="M:Microsoft.Azure.EventHubs.Processor.LeaseLostException.#ctor(System.String,System.Exception)">
            <summary>
            Provides 
            </summary>
        </member>
        <member name="P:Microsoft.Azure.EventHubs.Processor.LeaseLostException.PartitionId">
            <summary>
            Gets the partition ID where the exception occured.
            </summary>
        </member>
        <member name="T:Microsoft.Azure.EventHubs.Processor.PartitionContext">
            <summary>
            Encapsulates information related to an Event Hubs partition used by <see cref="T:Microsoft.Azure.EventHubs.Processor.IEventProcessor"/>.
            </summary>
        </member>
        <member name="M:Microsoft.Azure.EventHubs.Processor.PartitionContext.#ctor(Microsoft.Azure.EventHubs.Processor.EventProcessorHost,System.String,System.String,System.String,System.Threading.CancellationToken)">
            Creates a new <see cref="T:Microsoft.Azure.EventHubs.Processor.PartitionContext"/> object.
        </member>
        <member name="P:Microsoft.Azure.EventHubs.Processor.PartitionContext.CancellationToken">
            <summary>
            Gets triggered when the partition gets closed.
            </summary>
        </member>
        <member name="P:Microsoft.Azure.EventHubs.Processor.PartitionContext.ConsumerGroupName">
            <summary>
            Gets the name of the consumer group.
            </summary>
        </member>
        <member name="P:Microsoft.Azure.EventHubs.Processor.PartitionContext.EventHubPath">
            <summary>
            Gets the path of the event hub.
            </summary>
        </member>
        <member name="P:Microsoft.Azure.EventHubs.Processor.PartitionContext.PartitionId">
            <summary>
            Gets the partition ID for the context.
            </summary>
        </member>
        <member name="P:Microsoft.Azure.EventHubs.Processor.PartitionContext.Owner">
            <summary>
            Gets the host owner for the partition.
            </summary>
        </member>
        <member name="P:Microsoft.Azure.EventHubs.Processor.PartitionContext.RuntimeInformation">
            <summary>
            Gets the approximate receiver runtime information for a logical partition of an Event Hub.
            To enable the setting, refer to <see cref="P:Microsoft.Azure.EventHubs.Processor.EventProcessorOptions.EnableReceiverRuntimeMetric"/>
            </summary>
        </member>
        <member name="P:Microsoft.Azure.EventHubs.Processor.PartitionContext.Lease">
            <summary>
            Gets the most recent checkpointed lease.
            </summary>
        </member>
        <member name="M:Microsoft.Azure.EventHubs.Processor.PartitionContext.CheckpointAsync">
            <summary>
            Writes the current offset and sequenceNumber to the checkpoint store via the checkpoint manager.
            </summary>
        </member>
        <member name="M:Microsoft.Azure.EventHubs.Processor.PartitionContext.CheckpointAsync(Microsoft.Azure.EventHubs.EventData)">
            <summary>
            Stores the offset and sequenceNumber from the provided received EventData instance, then writes those
            values to the checkpoint store via the checkpoint manager.
            </summary>
            <param name="eventData">A received EventData with valid offset and sequenceNumber</param>
            <exception cref="T:System.ArgumentNullException">If suplied eventData is null</exception>
            <exception cref="T:System.ArgumentOutOfRangeException">If the sequenceNumber is less than the last checkpointed value</exception>
        </member>
        <member name="M:Microsoft.Azure.EventHubs.Processor.PartitionContext.CheckpointAsync(Microsoft.Azure.EventHubs.Processor.Checkpoint)">
            <summary>
            Writes the current offset and sequenceNumber to the checkpoint store via the checkpoint manager.
            </summary>
        </member>
        <member name="M:Microsoft.Azure.EventHubs.Processor.PartitionContext.ToString">
            <summary>
            Provides the parition context in the following format:"PartitionContext({EventHubPath}/{ConsumerGroupName}/{PartitionId}/{SequenceNumber})"
            </summary>
            <returns></returns>
        </member>
        <member name="T:Microsoft.Azure.EventHubs.Processor.PartitionManagerOptions">
            <summary>
            Options to control various aspects of partition distribution happening within <see cref="T:Microsoft.Azure.EventHubs.Processor.EventProcessorHost"/> instance.
            </summary> 
        </member>
        <member name="P:Microsoft.Azure.EventHubs.Processor.PartitionManagerOptions.RenewInterval">
            <summary>
            Renew interval for all leases for partitions currently held by <see cref="T:Microsoft.Azure.EventHubs.Processor.EventProcessorHost"/> instance.
            </summary>
        </member>
        <member name="P:Microsoft.Azure.EventHubs.Processor.PartitionManagerOptions.LeaseDuration">
            <summary>
            Interval for which the lease is taken on Azure Blob representing an EventHub partition.  If the lease is not renewed within this 
            interval, it will cause it to expire and ownership of the partition will move to another <see cref="T:Microsoft.Azure.EventHubs.Processor.EventProcessorHost"/> instance.
            </summary>
        </member>
        <member name="T:Microsoft.Azure.EventHubs.ProcessorEventSource">
            <summary>
            EventSource for Microsoft-Azure-EventHubs-Processor traces.
            
            When defining Start/Stop tasks, the StopEvent.Id must be exactly StartEvent.Id + 1.
            
            Do not explicity include the Guid here, since EventSource has a mechanism to automatically
            map to an EventSource Guid based on the Name (Microsoft-Azure-EventHubs-Processor).
            </summary>
        </member>
    </members>
</doc>
